id	number	name
1001	14	Autauga
1003	28	Baldwin
1005	17	Barbour
1007	13	Bibb
1009	15	Blount
1011	15	Bullock
1013	16	Butler
1015	15	Calhoun
1017	14	Chambers
1019	17	Cherokee
1021	16	Chilton
1023	19	Choctaw
1025	19	Clarke
1027	16	Clay
1029	16	Cleburne
1031	20	Coffee
1033	15	Colbert
1035	17	Conecuh
1037	13	Coosa
1039	21	Covington
1041	17	Crenshaw
1043	23	Cullman
1045	22	Dale
1047	17	Dallas
1049	0	De Kalb
1051	14	Elmore
1053	18	Escambia
1055	21	Etowah
1057	14	Fayette
1059	14	Franklin
1061	22	Geneva
1063	13	Greene
1065	14	Hale
1067	18	Henry
1069	17	Houston
1071	20	Jackson
1073	30	Jefferson
1075	17	Lamar
1077	14	Lauderdale
1079	16	Lawrence
1081	14	Lee
1083	15	Limestone
1085	12	Lowndes
1087	16	Macon
1089	15	Madison
1091	13	Marengo
1093	17	Marion
1095	22	Marshall
1097	27	Mobile
1099	17	Monroe
1101	17	Montgomery
1103	16	Morgan
1105	13	Perry
1107	13	Pickens
1109	13	Pike
1111	16	Randolph
1113	17	Russell
1115	0	St. Clair
1117	18	Shelby
1119	13	Sumter
1121	18	Talladega
1123	12	Tallapoosa
1125	20	Tuscaloosa
1127	18	Walker
1129	18	Washington
1131	14	Wilcox
1133	18	Winston
2013	1	Aleutians East
2016	0	Aleutians West
2020	3	Anchorage
2050	5	Bethel
2060	2	Bristol Bay
2068	5	Denali
2070	3	Dillingham
2090	8	Fairbanks North Star
2100	0	Haines
2110	0	Juneau
2122	11	Kenai Peninsula
2130	0	Ketchikan Gateway
2150	5	Kodiak Island
2164	1	Lake and Peninsula
2170	0	Matanuska-Susitna
2180	1	Nome
2185	4	North Slope
2188	3	Northwest Arctic
2201	0	Prince of Wales-Outer Ketchikan
2220	0	Sitka
2232	0	Skagway-Hoonah-Angoon
2240	3	Southeast Fairbanks
2261	0	Valdez-Cordova
2270	4	Wade Hampton
2280	0	Wrangell-Petersburg
2282	0	Yakutat
2290	0	Yukon-Koyukuk
4001	12	Apache
4003	11	Cochise
4005	16	Coconino
4007	18	Gila
4009	11	Graham
4011	11	Greenlee
4012	4	La Paz
4013	15	Maricopa
4015	11	Mohave
4017	18	Navajo
4019	12	Pima
4021	14	Pinal
4023	6	Santa Cruz
4025	17	Yavapai
4027	4	Yuma
5001	10	Arkansas
5003	9	Ashley
5005	14	Baxter
5007	16	Benton
5009	14	Boone
5011	17	Bradley
5013	14	Calhoun
5015	12	Carroll
5017	10	Chicot
5019	16	Clark
5021	16	Clay
5023	15	Cleburne
5025	13	Cleveland
5027	16	Columbia
5029	21	Conway
5031	19	Craighead
5033	17	Crawford
5035	15	Crittenden
5037	15	Cross
5039	12	Dallas
5041	10	Desha
5043	12	Drew
5045	17	Faulkner
5047	17	Franklin
5049	18	Fulton
5051	13	Garland
5053	11	Grant
5055	19	Greene
5057	19	Hempstead
5059	12	Hot Spring
5061	16	Howard
5063	20	Independence
5065	20	Izard
5067	24	Jackson
5069	14	Jefferson
5071	17	Johnson
5073	14	Lafayette
5075	13	Lawrence
5077	11	Lee
5079	14	Lincoln
5081	15	Little River
5083	13	Logan
5085	20	Lonoke
5087	18	Madison
5089	16	Marion
5091	14	Miller
5093	12	Mississippi
5095	20	Monroe
5097	0	Montgomery
5099	17	Nevada
5101	19	Newton
5103	16	Ouachita
5105	14	Perry
5107	11	Phillips
5109	15	Pike
5111	22	Poinsett
5113	15	Polk
5115	12	Pope
5117	14	Prairie
5119	21	Pulaski
5121	16	Randolph
5123	0	St. Francis
5125	15	Saline
5127	13	Scott
5129	13	Searcy
5131	12	Sebastian
5133	10	Sevier
5135	16	Sharp
5137	20	Stone
5139	15	Union
5141	18	Van Buren
5143	12	Washington
5145	20	White
5147	18	Woodruff
5149	12	Yell
6001	16	Alameda
6003	8	Alpine
6005	11	Amador
6007	18	Butte
6009	11	Calaveras
6011	12	Colusa
6013	14	Contra Costa
6015	13	Del Norte
6017	12	El Dorado
6019	11	Fresno
6021	12	Glenn
6023	18	Humboldt
6025	10	Imperial
6027	8	Inyo
6029	28	Kern
6031	13	Kings
6033	13	Lake
6035	10	Lassen
6037	53	Los Angeles
6039	13	Madera
6041	17	Marin
6043	9	Mariposa
6045	18	Mendocino
6047	11	Merced
6049	10	Modoc
6051	6	Mono
6053	19	Monterey
6055	16	Napa
6057	11	Nevada
6059	29	Orange
6061	15	Placer
6063	13	Plumas
6065	44	Riverside
6067	14	Sacramento
6069	10	San Benito
6071	45	San Bernardino
6073	36	San Diego
6075	5	San Francisco
6077	18	San Joaquin
6079	17	San Luis Obispo
6081	14	San Mateo
6083	27	Santa Barbara
6085	15	Santa Clara
6087	22	Santa Cruz
6089	24	Shasta
6091	9	Sierra
6093	10	Siskiyou
6095	17	Solano
6097	17	Sonoma
6099	11	Stanislaus
6101	12	Sutter
6103	16	Tehama
6105	16	Trinity
6107	13	Tulare
6109	9	Tuolumne
6111	34	Ventura
6113	11	Yolo
6115	16	Yuba
8001	7	Adams
8003	5	Alamosa
8005	7	Arapahoe
8007	5	Archuleta
8009	7	Baca
8011	7	Bent
8013	10	Boulder
8014	3	#N/A
8015	3	Chaffee
8017	6	Cheyenne
8019	5	Clear Creek
8021	5	Conejos
8023	7	Costilla
8025	9	Crowley
8027	8	Custer
8029	7	Delta
8031	6	Denver
8033	6	Dolores
8035	10	Douglas
8037	5	Eagle
8039	9	Elbert
8041	12	El Paso
8043	8	Fremont
8045	8	Garfield
8047	5	Gilpin
8049	4	Grand
8051	7	Gunnison
8053	6	Hinsdale
8055	6	Huerfano
8057	4	Jackson
8059	9	Jefferson
8061	8	Kiowa
8063	4	Kit Carson
8065	2	Lake
8067	8	La Plata
8069	22	Larimer
8071	11	Las Animas
8073	6	Lincoln
8075	6	Logan
8077	5	Mesa
8079	5	Mineral
8081	4	Moffat
8083	6	Montezuma
8085	7	Montrose
8087	7	Morgan
8089	7	Otero
8091	6	Ouray
8093	9	Park
8095	4	Phillips
8097	4	Pitkin
8099	6	Prowers
8101	11	Pueblo
8103	3	Rio Blanco
8105	6	Rio Grande
8107	4	Routt
8109	6	Saguache
8111	4	San Juan
8113	7	San Miguel
8115	5	Sedgwick
8117	4	Summit
8119	9	Teller
8121	7	Washington
8123	12	Weld
8125	4	Yuma
9001	22	Fairfield
9003	22	Hartford
9005	21	Litchfield
9007	19	Middlesex
9009	23	New Haven
9011	19	New London
9013	20	Tolland
9015	20	Windham
10001	13	Kent
10003	13	New Castle
10005	16	Sussex
11001	0	District of Columbia
12001	14	Alachua
12003	19	Baker
12005	27	Bay
12007	14	Bradford
12009	26	Brevard
12011	27	Broward
12013	22	Calhoun
12015	24	Charlotte
12017	17	Citrus
12019	18	Clay
12021	34	Collier
12023	16	Columbia
12027	0	De Soto
12029	22	Dixie
12031	20	Duval
12033	23	Escambia
12035	19	Flagler
12037	25	Franklin
12039	18	Gadsden
12041	15	Gilchrist
12043	23	Glades
12045	28	Gulf
12047	17	Hamilton
12049	20	Hardee
12051	24	Hendry
12053	18	Hernando
12055	23	Highlands
12057	26	Hillsborough
12059	20	Holmes
12061	20	Indian River
12063	16	Jackson
12065	17	Jefferson
12067	14	Lafayette
12069	19	Lake
12071	26	Lee
12073	17	Leon
12075	21	Levy
12077	20	Liberty
12079	12	Madison
12081	28	Manatee
12083	17	Marion
12085	26	Martin
12086	9	#N/A
12087	31	Monroe
12089	19	Nassau
12091	24	Okaloosa
12093	20	Okeechobee
12095	21	Orange
12097	20	Osceola
12099	26	Palm Beach
12101	23	Pasco
12103	24	Pinellas
12105	25	Polk
12107	19	Putnam
12109	0	St. Johns
12111	0	St. Lucie
12113	24	Santa Rosa
12115	28	Sarasota
12117	20	Seminole
12119	14	Sumter
12121	18	Suwannee
12123	17	Taylor
12125	15	Union
12127	25	Volusia
12129	24	Wakulla
12131	23	Walton
12133	21	Washington
13001	7	Appling
13003	7	Atkinson
13005	7	Bacon
13007	9	Baker
13009	4	Baldwin
13011	7	Banks
13013	6	Barrow
13015	12	Bartow
13017	6	Ben Hill
13019	8	Berrien
13021	8	Bibb
13023	6	Bleckley
13025	8	Brantley
13027	8	Brooks
13029	9	Bryan
13031	5	Bulloch
13033	5	Burke
13035	8	Butts
13037	5	Calhoun
13039	8	Camden
13043	6	Candler
13045	12	Carroll
13047	10	Catoosa
13049	8	Charlton
13051	7	Chatham
13053	2	Chattahoochee
13055	8	Chattooga
13057	11	Cherokee
13059	5	Clarke
13061	6	Clay
13063	8	Clayton
13065	7	Clinch
13067	12	Cobb
13069	9	Coffee
13071	8	Colquitt
13073	4	Columbia
13075	6	Cook
13077	6	Coweta
13079	10	Crawford
13081	6	Crisp
13083	10	Dade
13085	9	Dawson
13087	9	Decatur
13089	0	De Kalb
13091	7	Dodge
13093	8	Dooly
13095	8	Dougherty
13097	9	Douglas
13099	7	Early
13101	5	Echols
13103	5	Effingham
13105	6	Elbert
13107	7	Emanuel
13109	4	Evans
13111	7	Fannin
13113	5	Fayette
13115	12	Floyd
13117	8	Forsyth
13119	6	Franklin
13121	12	Fulton
13123	8	Gilmer
13125	2	Glascock
13127	8	Glynn
13129	10	Gordon
13131	8	Grady
13133	6	Greene
13135	7	Gwinnett
13137	10	Habersham
13139	10	Hall
13141	4	Hancock
13143	7	Haralson
13145	7	Harris
13147	5	Hart
13149	9	Heard
13151	8	Henry
13153	8	Houston
13155	5	Irwin
13157	5	Jackson
13159	6	Jasper
13161	7	Jeff Davis
13163	7	Jefferson
13165	5	Jenkins
13167	7	Johnson
13169	7	Jones
13171	8	Lamar
13173	7	Lanier
13175	8	Laurens
13177	7	Lee
13179	6	Liberty
13181	4	Lincoln
13183	6	Long
13185	7	Lowndes
13187	12	Lumpkin
13189	5	McDuffie
13191	10	McIntosh
13193	6	Macon
13195	4	Madison
13197	4	Marion
13199	7	Meriwether
13201	7	Miller
13205	8	Mitchell
13207	11	Monroe
13209	9	Montgomery
13211	3	Morgan
13213	8	Murray
13215	5	Muscogee
13217	9	Newton
13219	5	Oconee
13221	4	Oglethorpe
13223	10	Paulding
13225	8	Peach
13227	10	Pickens
13229	6	Pierce
13231	11	Pike
13233	10	Polk
13235	7	Pulaski
13237	4	Putnam
13239	4	Quitman
13241	11	Rabun
13243	4	Randolph
13245	4	Richmond
13247	9	Rockdale
13249	4	Schley
13251	5	Screven
13253	5	Seminole
13255	9	Spalding
13257	8	Stephens
13259	7	Stewart
13261	6	Sumter
13263	8	Talbot
13265	5	Taliaferro
13267	8	Tattnall
13269	7	Taylor
13271	8	Telfair
13273	3	Terrell
13275	8	Thomas
13277	9	Tift
13279	9	Toombs
13281	5	Towns
13283	6	Treutlen
13285	5	Troup
13287	5	Turner
13289	6	Twiggs
13291	7	Union
13293	11	Upson
13295	11	Walker
13297	6	Walton
13299	10	Ware
13301	3	Warren
13303	5	Washington
13305	6	Wayne
13307	7	Webster
13309	8	Wheeler
13311	9	White
13313	8	Whitfield
13315	7	Wilcox
13317	6	Wilkes
13319	6	Wilkinson
13321	8	Worth
15001	16	Hawaii
15003	14	Honolulu
15007	8	Kauai
15009	13	Maui
16001	3	Ada
16003	5	Adams
16005	3	Bannock
16007	2	Bear Lake
16009	8	Benewah
16011	4	Bingham
16013	5	Blaine
16015	4	Boise
16017	8	Bonner
16019	4	Bonneville
16021	7	Boundary
16023	4	Butte
16025	4	Camas
16027	1	Canyon
16029	3	Caribou
16031	2	Cassia
16033	1	Clark
16035	9	Clearwater
16037	4	Custer
16039	5	Elmore
16041	1	Franklin
16043	3	Fremont
16045	4	Gem
16047	3	Gooding
16049	10	Idaho
16051	3	Jefferson
16053	3	Jerome
16055	9	Kootenai
16057	8	Latah
16059	3	Lemhi
16061	6	Lewis
16063	4	Lincoln
16065	3	Madison
16067	2	Minidoka
16069	8	Nez Perce
16071	1	Oneida
16073	4	Owyhee
16075	4	Payette
16077	3	Power
16079	10	Shoshone
16081	1	Teton
16083	1	Twin Falls
16085	7	Valley
16087	6	Washington
17001	17	Adams
17003	14	Alexander
17005	4	Bond
17007	9	Boone
17009	13	Brown
17011	13	Bureau
17013	20	Calhoun
17015	12	Carroll
17017	16	Cass
17019	9	Champaign
17021	5	Christian
17023	6	Clark
17025	3	Clay
17027	5	Clinton
17029	5	Coles
17031	18	Cook
17033	6	Crawford
17035	6	Cumberland
17037	0	DeKalb
17039	0	De Witt
17041	8	Douglas
17043	0	DuPage
17045	6	Edgar
17047	5	Edwards
17049	4	Effingham
17051	4	Fayette
17053	6	Ford
17055	8	Franklin
17057	15	Fulton
17059	9	Gallatin
17061	15	Greene
17063	11	Grundy
17065	8	Hamilton
17067	14	Hancock
17069	6	Hardin
17071	12	Henderson
17073	11	Henry
17075	7	Iroquois
17077	12	Jackson
17079	6	Jasper
17081	3	Jefferson
17083	16	Jersey
17085	14	Jo Daviess
17087	5	Johnson
17089	13	Kane
17091	5	Kankakee
17093	10	Kendall
17095	7	Knox
17097	14	Lake
17099	16	La Salle
17101	6	Lawrence
17103	7	Lee
17105	8	Livingston
17107	9	Logan
17109	7	McDonough
17111	13	McHenry
17113	9	McLean
17115	8	Macon
17117	6	Macoupin
17119	12	Madison
17121	6	Marion
17123	11	Marshall
17125	15	Mason
17127	9	Massac
17129	9	Menard
17131	11	Mercer
17133	15	Monroe
17135	4	Montgomery
17137	11	Morgan
17139	6	Moultrie
17141	11	Ogle
17143	12	Peoria
17145	5	Perry
17147	7	Piatt
17149	19	Pike
17151	9	Pope
17153	12	Pulaski
17155	8	Putnam
17157	14	Randolph
17159	6	Richland
17161	11	Rock Island
17163	0	St. Clair
17165	7	Saline
17167	9	Sangamon
17169	14	Schuyler
17171	13	Scott
17173	6	Shelby
17175	5	Stark
17177	11	Stephenson
17179	11	Tazewell
17181	12	Union
17183	8	Vermilion
17185	7	Wabash
17187	5	Warren
17189	4	Washington
17191	5	Wayne
17193	8	White
17195	10	Whiteside
17197	14	Will
17199	7	Williamson
17201	15	Winnebago
17203	10	Woodford
18001	14	Adams
18003	12	Allen
18005	8	Bartholomew
18007	16	Benton
18009	13	Blackford
18011	13	Boone
18013	12	Brown
18015	12	Carroll
18017	12	Cass
18019	15	Clark
18021	15	Clay
18023	10	Clinton
18025	16	Crawford
18027	15	Daviess
18029	16	Dearborn
18031	10	Decatur
18033	0	De Kalb
18035	14	Delaware
18037	13	Dubois
18039	9	Elkhart
18041	12	Fayette
18043	12	Floyd
18045	8	Fountain
18047	18	Franklin
18049	12	Fulton
18051	18	Gibson
18053	16	Grant
18055	15	Greene
18057	15	Hamilton
18059	14	Hancock
18061	16	Harrison
18063	9	Hendricks
18065	15	Henry
18067	11	Howard
18069	11	Huntington
18071	14	Jackson
18073	13	Jasper
18075	12	Jay
18077	19	Jefferson
18079	14	Jennings
18081	11	Johnson
18083	14	Knox
18085	12	Kosciusko
18087	8	Lagrange
18089	16	Lake
18091	0	La Porte
18093	17	Lawrence
18095	16	Madison
18097	14	Marion
18099	11	Marshall
18101	12	Martin
18103	11	Miami
18105	12	Monroe
18107	16	Montgomery
18109	12	Morgan
18111	13	Newton
18113	12	Noble
18115	15	Ohio
18117	14	Orange
18119	13	Owen
18121	14	Parke
18123	17	Perry
18125	17	Pike
18127	10	Porter
18129	16	Posey
18131	12	Pulaski
18133	15	Putnam
18135	15	Randolph
18137	13	Ripley
18139	12	Rush
18141	0	St. Joseph
18143	14	Scott
18145	11	Shelby
18147	11	Spencer
18149	12	Starke
18151	9	Steuben
18153	14	Sullivan
18155	17	Switzerland
18157	11	Tippecanoe
18159	11	Tipton
18161	12	Union
18163	14	Vanderburgh
18165	12	Vermillion
18167	12	Vigo
18169	8	Wabash
18171	12	Warren
18173	15	Warrick
18175	15	Washington
18177	11	Wayne
18179	12	Wells
18181	11	White
18183	11	Whitley
19001	12	Adair
19003	12	Adams
19005	12	Allamakee
19007	9	Appanoose
19009	16	Audubon
19011	12	Benton
19013	16	Black Hawk
19015	13	Boone
19017	12	Bremer
19019	16	Buchanan
19021	13	Buena Vista
19023	15	Butler
19025	13	Calhoun
19027	14	Carroll
19029	15	Cass
19031	11	Cedar
19033	11	Cerro Gordo
19035	14	Cherokee
19037	11	Chickasaw
19039	12	Clarke
19041	13	Clay
19043	17	Clayton
19045	18	Clinton
19047	16	Crawford
19049	13	Dallas
19051	10	Davis
19053	9	Decatur
19055	12	Delaware
19057	17	Des Moines
19059	11	Dickinson
19061	16	Dubuque
19063	12	Emmet
19065	15	Fayette
19067	11	Floyd
19069	14	Franklin
19071	16	Fremont
19073	13	Greene
19075	9	Grundy
19077	11	Guthrie
19079	14	Hamilton
19081	8	Hancock
19083	12	Hardin
19085	17	Harrison
19087	12	Henry
19089	12	Howard
19091	14	Humboldt
19093	14	Ida
19095	15	Iowa
19097	13	Jackson
19099	11	Jasper
19101	8	Jefferson
19103	18	Johnson
19105	15	Jones
19107	13	Keokuk
19109	13	Kossuth
19111	13	Lee
19113	17	Linn
19115	16	Louisa
19117	10	Lucas
19119	8	Lyon
19121	17	Madison
19123	15	Mahaska
19125	14	Marion
19127	13	Marshall
19129	14	Mills
19131	9	Mitchell
19133	14	Monona
19135	10	Monroe
19137	15	Montgomery
19139	14	Muscatine
19141	0	O'Brien
19143	8	Osceola
19145	13	Page
19147	15	Palo Alto
19149	10	Plymouth
19151	15	Pocahontas
19153	13	Polk
19155	19	Pottawattamie
19157	9	Poweshiek
19159	14	Ringgold
19161	13	Sac
19163	14	Scott
19165	14	Shelby
19167	7	Sioux
19169	15	Story
19171	14	Tama
19173	11	Taylor
19175	17	Union
19177	11	Van Buren
19179	15	Wapello
19181	12	Warren
19183	11	Washington
19185	9	Wayne
19187	14	Webster
19189	9	Winnebago
19191	10	Winneshiek
19193	11	Woodbury
19195	10	Worth
19197	13	Wright
20001	8	Allen
20003	12	Anderson
20005	15	Atchison
20007	10	Barber
20009	14	Barton
20011	12	Bourbon
20013	13	Brown
20015	20	Butler
20017	14	Chase
20019	9	Chautauqua
20021	17	Cherokee
20023	6	Cheyenne
20025	8	Clark
20027	10	Clay
20029	9	Cloud
20031	12	Coffey
20033	11	Comanche
20035	17	Cowley
20037	17	Crawford
20039	8	Decatur
20041	10	Dickinson
20043	14	Doniphan
20045	17	Douglas
20047	14	Edwards
20049	12	Elk
20051	8	Ellis
20053	10	Ellsworth
20055	6	Finney
20057	6	Ford
20059	15	Franklin
20061	7	Geary
20063	6	Gove
20065	9	Graham
20067	5	Grant
20069	5	Gray
20071	3	Greeley
20073	15	Greenwood
20075	5	Hamilton
20077	14	Harper
20079	15	Harvey
20081	8	Haskell
20083	9	Hodgeman
20085	16	Jackson
20087	14	Jefferson
20089	11	Jewell
20091	8	Johnson
20093	5	Kearny
20095	12	Kingman
20097	13	Kiowa
20099	13	Labette
20101	5	Lane
20103	19	Leavenworth
20105	8	Lincoln
20107	13	Linn
20109	6	Logan
20111	20	Lyon
20113	12	McPherson
20115	15	Marion
20117	11	Marshall
20119	6	Meade
20121	12	Miami
20123	10	Mitchell
20125	10	Montgomery
20127	14	Morris
20129	4	Morton
20131	11	Nemaha
20133	13	Neosho
20135	9	Ness
20137	7	Norton
20139	16	Osage
20141	12	Osborne
20143	8	Ottawa
20145	14	Pawnee
20147	10	Phillips
20149	13	Pottawatomie
20151	10	Pratt
20153	5	Rawlins
20155	14	Reno
20157	12	Republic
20159	12	Rice
20161	11	Riley
20163	11	Rooks
20165	12	Rush
20167	10	Russell
20169	10	Saline
20171	3	Scott
20173	15	Sedgwick
20175	8	Seward
20177	14	Shawnee
20179	9	Sheridan
20181	5	Sherman
20183	10	Smith
20185	13	Stafford
20187	6	Stanton
20189	6	Stevens
20191	15	Sumner
20193	7	Thomas
20195	7	Trego
20197	15	Wabaunsee
20199	6	Wallace
20201	13	Washington
20203	3	Wichita
20205	11	Wilson
20207	15	Woodson
20209	18	Wyandotte
21001	14	Adair
21003	11	Allen
21005	14	Anderson
21007	17	Ballard
21009	10	Barren
21011	20	Bath
21013	16	Bell
21015	8	Boone
21017	13	Bourbon
21019	18	Boyd
21021	13	Boyle
21023	10	Bracken
21025	29	Breathitt
21027	17	Breckinridge
21029	14	Bullitt
21031	13	Butler
21033	11	Caldwell
21035	9	Calloway
21037	9	Campbell
21039	15	Carlisle
21041	13	Carroll
21043	20	Carter
21045	20	Casey
21047	13	Christian
21049	15	Clark
21051	25	Clay
21053	8	Clinton
21055	15	Crittenden
21057	9	Cumberland
21059	10	Daviess
21061	13	Edmonson
21063	19	Elliott
21065	19	Estill
21067	13	Fayette
21069	17	Fleming
21071	28	Floyd
21073	14	Franklin
21075	14	Fulton
21077	8	Gallatin
21079	10	Garrard
21081	9	Grant
21083	10	Graves
21085	19	Grayson
21087	16	Green
21089	18	Greenup
21091	14	Hancock
21093	18	Hardin
21095	15	Harlan
21097	15	Harrison
21099	14	Hart
21101	12	Henderson
21103	11	Henry
21105	14	Hickman
21107	18	Hopkins
21109	18	Jackson
21111	14	Jefferson
21113	15	Jessamine
21115	27	Johnson
21117	8	Kenton
21119	25	Knott
21121	24	Knox
21123	15	Larue
21125	15	Laurel
21127	29	Lawrence
21129	20	Lee
21131	22	Leslie
21133	23	Letcher
21135	20	Lewis
21137	15	Lincoln
21139	16	Livingston
21141	9	Logan
21143	9	Lyon
21145	11	McCracken
21147	10	McCreary
21149	14	McLean
21151	16	Madison
21153	30	Magoffin
21155	12	Marion
21157	13	Marshall
21159	23	Martin
21161	15	Mason
21163	14	Meade
21165	15	Menifee
21167	17	Mercer
21169	12	Metcalfe
21171	11	Monroe
21173	16	Montgomery
21175	17	Morgan
21177	13	Muhlenberg
21179	16	Nelson
21181	18	Nicholas
21183	15	Ohio
21185	11	Oldham
21187	12	Owen
21189	25	Owsley
21191	13	Pendleton
21193	28	Perry
21195	30	Pike
21197	16	Powell
21199	13	Pulaski
21201	13	Robertson
21203	16	Rockcastle
21205	22	Rowan
21207	12	Russell
21209	9	Scott
21211	12	Shelby
21213	10	Simpson
21215	14	Spencer
21217	13	Taylor
21219	9	Todd
21221	12	Trigg
21223	13	Trimble
21225	12	Union
21227	14	Warren
21229	15	Washington
21231	12	Wayne
21233	13	Webster
21235	18	Whitley
21237	16	Wolfe
21239	13	Woodford
22001	20	Acadia
22003	18	Allen
22005	26	Ascension
22007	23	Assumption
22009	22	Avoyelles
22011	21	Beauregard
22013	17	Bienville
22015	18	Bossier
22017	17	Caddo
22019	20	Calcasieu
22021	19	Caldwell
22023	17	Cameron
22025	23	Catahoula
22027	17	Claiborne
22029	16	Concordia
22031	14	De Soto
22033	25	East Baton Rouge
22035	12	East Carroll
22037	19	East Feliciana
22039	15	Evangeline
22041	22	Franklin
22043	19	Grant
22045	20	Iberia
22047	23	Iberville
22049	9	Jackson
22051	28	Jefferson
22053	20	Jefferson Davis
22055	21	Lafayette
22057	29	Lafourche
22059	21	La Salle
22061	16	Lincoln
22063	27	Livingston
22065	14	Madison
22067	16	Morehouse
22069	21	Natchitoches
22071	16	Orleans
22073	24	Ouachita
22075	21	Plaquemines
22077	23	Pointe Coupee
22079	25	Rapides
22081	12	Red River
22083	18	Richland
22085	14	Sabine
22087	0	St. Bernard
22089	0	St. Charles
22091	0	St. Helena
22093	0	St. James
22095	0	St. John the Baptist
22097	0	St. Landry
22099	0	St. Martin
22101	0	St. Mary
22103	0	St. Tammany
22105	25	Tangipahoa
22107	12	Tensas
22109	28	Terrebonne
22111	17	Union
22113	22	Vermilion
22115	16	Vernon
22117	19	Washington
22119	19	Webster
22121	19	West Baton Rouge
22123	13	West Carroll
22125	19	West Feliciana
22127	14	Winn
23001	25	Androscoggin
23003	21	Aroostook
23005	31	Cumberland
23007	25	Franklin
23009	18	Hancock
23011	19	Kennebec
23013	22	Knox
23015	24	Lincoln
23017	29	Oxford
23019	17	Penobscot
23021	20	Piscataquis
23023	17	Sagadahoc
23025	22	Somerset
23027	19	Waldo
23029	20	Washington
23031	31	York
24001	13	Allegany
24003	19	Anne Arundel
24005	35	Baltimore
24009	19	Calvert
24011	17	Caroline
24013	13	Carroll
24015	17	Cecil
24017	20	Charles
24019	16	Dorchester
24021	18	Frederick
24023	10	Garrett
24025	16	Harford
24027	15	Howard
24029	17	Kent
24031	16	Montgomery
24033	0	Prince George's
24035	0	Queen Anne's
24037	0	St. Mary's
24039	11	Somerset
24041	17	Talbot
24043	12	Washington
24045	11	Wicomico
24047	10	Worcester
24510	0	Baltimore city
25001	17	Barnstable
25003	19	Berkshire
25005	20	Bristol
25007	16	Dukes
25009	33	Essex
25011	18	Franklin
25013	20	Hampden
25015	19	Hampshire
25017	28	Middlesex
25019	13	Nantucket
25021	29	Norfolk
25023	24	Plymouth
25025	29	Suffolk
25027	25	Worcester
26001	5	Alcona
26003	3	Alger
26005	13	Allegan
26007	3	Alpena
26009	3	Antrim
26011	8	Arenac
26013	4	Baraga
26015	10	Barry
26017	11	Bay
26019	3	Benzie
26021	10	Berrien
26023	4	Branch
26025	7	Calhoun
26027	7	Cass
26029	4	Charlevoix
26031	4	Cheboygan
26033	5	Chippewa
26035	7	Clare
26037	8	Clinton
26039	5	Crawford
26041	4	Delta
26043	3	Dickinson
26045	10	Eaton
26047	3	Emmet
26049	11	Genesee
26051	7	Gladwin
26053	5	Gogebic
26055	3	Grand Traverse
26057	9	Gratiot
26059	7	Hillsdale
26061	5	Houghton
26063	6	Huron
26065	9	Ingham
26067	11	Ionia
26069	7	Iosco
26071	4	Iron
26073	8	Isabella
26075	8	Jackson
26077	9	Kalamazoo
26079	3	Kalkaska
26081	9	Kent
26083	2	Keweenaw
26085	6	Lake
26087	9	Lapeer
26089	3	Leelanau
26091	4	Lenawee
26093	6	Livingston
26095	3	Luce
26097	4	Mackinac
26099	13	Macomb
26101	5	Manistee
26103	7	Marquette
26105	7	Mason
26107	10	Mecosta
26109	4	Menominee
26111	8	Midland
26113	4	Missaukee
26115	8	Monroe
26117	9	Montcalm
26119	4	Montmorency
26121	10	Muskegon
26123	9	Newaygo
26125	10	Oakland
26127	10	Oceana
26129	4	Ogemaw
26131	5	Ontonagon
26133	10	Osceola
26135	4	Oscoda
26137	4	Otsego
26139	13	Ottawa
26141	3	Presque Isle
26143	4	Roscommon
26145	13	Saginaw
26147	0	St. Clair
26149	0	St. Joseph
26151	10	Sanilac
26153	4	Schoolcraft
26155	12	Shiawassee
26157	9	Tuscola
26159	11	Van Buren
26161	8	Washtenaw
26163	12	Wayne
26165	4	Wexford
27001	15	Aitkin
27003	11	Anoka
27005	17	Becker
27007	16	Beltrami
27009	10	Benton
27011	13	Big Stone
27013	17	Blue Earth
27015	14	Brown
27017	6	Carlton
27019	13	Carver
27021	8	Cass
27023	14	Chippewa
27025	10	Chisago
27027	25	Clay
27029	12	Clearwater
27031	6	Cook
27033	10	Cottonwood
27035	10	Crow Wing
27037	14	Dakota
27039	12	Dodge
27041	9	Douglas
27043	15	Faribault
27045	12	Fillmore
27047	14	Freeborn
27049	13	Goodhue
27051	12	Grant
27053	13	Hennepin
27055	14	Houston
27057	8	Hubbard
27059	8	Isanti
27061	10	Itasca
27063	11	Jackson
27065	7	Kanabec
27067	12	Kandiyohi
27069	25	Kittson
27071	7	Koochiching
27073	14	Lac qui Parle
27075	7	Lake
27077	13	Lake of the Woods
27079	13	Le Sueur
27081	10	Lincoln
27083	12	Lyon
27085	12	McLeod
27087	15	Mahnomen
27089	24	Marshall
27091	9	Martin
27093	9	Meeker
27095	7	Mille Lacs
27097	9	Morrison
27099	12	Mower
27101	10	Murray
27103	16	Nicollet
27105	12	Nobles
27107	27	Norman
27109	12	Olmsted
27111	15	Otter Tail
27113	16	Pennington
27115	10	Pine
27117	8	Pipestone
27119	26	Polk
27121	10	Pope
27123	15	Ramsey
27125	19	Red Lake
27127	14	Redwood
27129	13	Renville
27131	9	Rice
27133	8	Rock
27135	21	Roseau
27137	0	St. Louis
27139	12	Scott
27141	8	Sherburne
27143	14	Sibley
27145	9	Stearns
27147	11	Steele
27149	12	Stevens
27151	12	Swift
27153	8	Todd
27155	18	Traverse
27157	12	Wabasha
27159	10	Wadena
27161	8	Waseca
27163	14	Washington
27165	7	Watonwan
27167	19	Wilkin
27169	14	Winona
27171	14	Wright
27173	18	Yellow Medicine
28001	15	Adams
28003	10	Alcorn
28005	18	Amite
28007	14	Attala
28009	10	Benton
28011	15	Bolivar
28013	12	Calhoun
28015	12	Carroll
28017	12	Chickasaw
28019	10	Choctaw
28021	16	Claiborne
28023	14	Clarke
28025	14	Clay
28027	13	Coahoma
28029	18	Copiah
28031	16	Covington
28033	0	DeSoto
28035	18	Forrest
28037	13	Franklin
28039	18	George
28041	17	Greene
28043	16	Grenada
28045	18	Hancock
28047	23	Harrison
28049	16	Hinds
28051	17	Holmes
28053	13	Humphreys
28055	16	Issaquena
28057	13	Itawamba
28059	22	Jackson
28061	16	Jasper
28063	14	Jefferson
28065	16	Jefferson Davis
28067	18	Jones
28069	13	Kemper
28071	12	Lafayette
28073	14	Lamar
28075	16	Lauderdale
28077	18	Lawrence
28079	15	Leake
28081	12	Lee
28083	15	Leflore
28085	20	Lincoln
28087	15	Lowndes
28089	16	Madison
28091	21	Marion
28093	11	Marshall
28095	16	Monroe
28097	9	Montgomery
28099	15	Neshoba
28101	13	Newton
28103	12	Noxubee
28105	10	Oktibbeha
28107	14	Panola
28109	24	Pearl River
28111	17	Perry
28113	22	Pike
28115	12	Pontotoc
28117	11	Prentiss
28119	10	Quitman
28121	14	Rankin
28123	12	Scott
28125	15	Sharkey
28127	18	Simpson
28129	13	Smith
28131	17	Stone
28133	12	Sunflower
28135	15	Tallahatchie
28137	9	Tate
28139	12	Tippah
28141	11	Tishomingo
28143	10	Tunica
28145	12	Union
28147	16	Walthall
28149	20	Warren
28151	19	Washington
28153	15	Wayne
28155	12	Webster
28157	20	Wilkinson
28159	10	Winston
28161	12	Yalobusha
28163	18	Yazoo
29001	19	Adair
29003	24	Andrew
29005	17	Atchison
29007	14	Audrain
29009	18	Barry
29011	16	Barton
29013	17	Bates
29015	16	Benton
29017	16	Bollinger
29019	21	Boone
29021	22	Buchanan
29023	15	Butler
29025	19	Caldwell
29027	21	Callaway
29029	17	Camden
29031	19	Cape Girardeau
29033	23	Carroll
29035	13	Carter
29037	19	Cass
29039	16	Cedar
29041	20	Chariton
29043	16	Christian
29045	20	Clark
29047	21	Clay
29049	18	Clinton
29051	19	Cole
29053	18	Cooper
29055	15	Crawford
29057	15	Dade
29059	16	Dallas
29061	17	Daviess
29063	19	De Kalb
29065	13	Dent
29067	14	Douglas
29069	12	Dunklin
29071	18	Franklin
29073	14	Gasconade
29075	15	Gentry
29077	18	Greene
29079	15	Grundy
29081	13	Harrison
29083	14	Henry
29085	15	Hickory
29087	16	Holt
29089	22	Howard
29091	14	Howell
29093	16	Iron
29095	22	Jackson
29097	16	Jasper
29099	22	Jefferson
29101	18	Johnson
29103	18	Knox
29105	15	Laclede
29107	21	Lafayette
29109	14	Lawrence
29111	19	Lewis
29113	21	Lincoln
29115	17	Linn
29117	17	Livingston
29119	16	McDonald
29121	17	Macon
29123	16	Madison
29125	17	Maries
29127	18	Marion
29129	15	Mercer
29131	21	Miller
29133	16	Mississippi
29135	17	Moniteau
29137	14	Monroe
29139	18	Montgomery
29141	19	Morgan
29143	15	New Madrid
29145	21	Newton
29147	16	Nodaway
29149	15	Oregon
29151	20	Osage
29153	14	Ozark
29155	15	Pemiscot
29157	18	Perry
29159	18	Pettis
29161	16	Phelps
29163	18	Pike
29165	21	Platte
29167	18	Polk
29169	17	Pulaski
29171	12	Putnam
29173	17	Ralls
29175	14	Randolph
29177	27	Ray
29179	16	Reynolds
29181	14	Ripley
29183	0	St. Charles
29185	0	St. Clair
29186	0	Ste. Genevieve
29187	0	St. Francois
29189	0	St. Louis
29195	20	Saline
29197	14	Schuyler
29199	18	Scotland
29201	18	Scott
29203	14	Shannon
29205	19	Shelby
29207	16	Stoddard
29209	18	Stone
29211	18	Sullivan
29213	14	Taney
29215	15	Texas
29217	18	Vernon
29219	14	Warren
29221	18	Washington
29223	17	Wayne
29225	20	Webster
29227	15	Worth
29229	14	Wright
29510	0	St. Louis city
30001	3	Beaverhead
30003	5	Big Horn
30005	5	Blaine
30007	7	Broadwater
30009	6	Carbon
30011	5	Carter
30013	5	Cascade
30015	6	Chouteau
30017	4	Custer
30019	3	Daniels
30021	4	Dawson
30023	8	Deer Lodge
30025	5	Fallon
30027	5	Fergus
30029	11	Flathead
30031	6	Gallatin
30033	5	Garfield
30035	8	Glacier
30037	4	Golden Valley
30039	6	Granite
30041	7	Hill
30043	7	Jefferson
30045	5	Judith Basin
30047	3	Lake
30049	10	Lewis and Clark
30051	6	Liberty
30053	7	Lincoln
30055	4	McCone
30057	5	Madison
30059	8	Meagher
30061	6	Mineral
30063	13	Missoula
30065	7	Musselshell
30067	6	Park
30069	4	Petroleum
30071	6	Phillips
30073	6	Pondera
30075	7	Powder River
30077	10	Powell
30079	4	Prairie
30081	6	Ravalli
30083	4	Richland
30085	4	Roosevelt
30087	7	Rosebud
30089	8	Sanders
30091	3	Sheridan
30093	5	Silver Bow
30095	8	Stillwater
30097	6	Sweet Grass
30099	6	Teton
30101	7	Toole
30103	5	Treasure
30105	5	Valley
30107	5	Wheatland
30109	3	Wibaux
30111	8	Yellowstone
31001	12	Adams
31003	8	Antelope
31005	6	Arthur
31007	3	Banner
31009	7	Blaine
31011	13	Boone
31013	3	Box Butte
31015	12	Boyd
31017	8	Brown
31019	14	Buffalo
31021	11	Burt
31023	12	Butler
31025	16	Cass
31027	10	Cedar
31029	10	Chase
31031	8	Cherry
31033	5	Cheyenne
31035	10	Clay
31037	14	Colfax
31039	15	Cuming
31041	14	Custer
31043	9	Dakota
31045	4	Dawes
31047	10	Dawson
31049	5	Deuel
31051	12	Dixon
31053	15	Dodge
31055	18	Douglas
31057	8	Dundy
31059	11	Fillmore
31061	6	Franklin
31063	12	Frontier
31065	10	Furnas
31067	17	Gage
31069	7	Garden
31071	8	Garfield
31073	9	Gosper
31075	1	Grant
31077	13	Greeley
31079	12	Hall
31081	14	Hamilton
31083	8	Harlan
31085	14	Hayes
31087	6	Hitchcock
31089	8	Holt
31091	3	Hooker
31093	15	Howard
31095	17	Jefferson
31097	16	Johnson
31099	11	Kearney
31101	4	Keith
31103	10	Keya Paha
31105	4	Kimball
31107	13	Knox
31109	9	Lancaster
31111	12	Lincoln
31113	8	Logan
31115	9	Loup
31117	7	McPherson
31119	14	Madison
31121	11	Merrick
31123	9	Morrill
31125	13	Nance
31127	17	Nemaha
31129	13	Nuckolls
31131	17	Otoe
31133	14	Pawnee
31135	8	Perkins
31137	10	Phelps
31139	12	Pierce
31141	15	Platte
31143	11	Polk
31145	9	Red Willow
31147	17	Richardson
31149	8	Rock
31151	13	Saline
31153	16	Sarpy
31155	17	Saunders
31157	5	Scotts Bluff
31159	12	Seward
31161	2	Sheridan
31163	12	Sherman
31165	5	Sioux
31167	15	Stanton
31169	16	Thayer
31171	6	Thomas
31173	13	Thurston
31175	11	Valley
31177	13	Washington
31179	9	Wayne
31181	9	Webster
31183	9	Wheeler
31185	12	York
32001	4	Churchill
32003	11	Clark
32005	12	Douglas
32007	15	Elko
32009	1	Esmeralda
32011	5	Eureka
32013	5	Humboldt
32015	4	Lander
32017	5	Lincoln
32019	9	Lyon
32021	4	Mineral
32023	3	Nye
32027	2	Pershing
32029	8	Storey
32031	25	Washoe
32033	5	White Pine
32510	11	Carson City
33001	21	Belknap
33003	24	Carroll
33005	24	Cheshire
33007	19	Coos
33009	27	Grafton
33011	26	Hillsborough
33013	24	Merrimack
33015	24	Rockingham
33017	19	Strafford
33019	24	Sullivan
34001	29	Atlantic
34003	25	Bergen
34005	23	Burlington
34007	19	Camden
34009	27	Cape May
34011	25	Cumberland
34013	26	Essex
34015	22	Gloucester
34017	19	Hudson
34019	21	Hunterdon
34021	23	Mercer
34023	25	Middlesex
34025	22	Monmouth
34027	25	Morris
34029	26	Ocean
34031	25	Passaic
34033	21	Salem
34035	24	Somerset
34037	22	Sussex
34039	25	Union
34041	20	Warren
35001	7	Bernalillo
35003	9	Catron
35005	4	Chaves
35006	6	Cibola
35007	10	Colfax
35009	4	Curry
35011	0	De Baca
35013	6	Dona Ana
35015	7	Eddy
35017	10	Grant
35019	5	Guadalupe
35021	5	Harding
35023	8	Hidalgo
35025	4	Lea
35027	20	Lincoln
35028	6	Los Alamos
35029	4	Luna
35031	8	McKinley
35033	15	Mora
35035	12	Otero
35037	5	Quay
35039	11	Rio Arriba
35041	5	Roosevelt
35043	14	Sandoval
35045	7	San Juan
35047	11	San Miguel
35049	6	Santa Fe
35051	8	Sierra
35053	8	Socorro
35055	7	Taos
35057	9	Torrance
35059	5	Union
35061	6	Valencia
36001	19	Albany
36003	19	Allegany
36005	15	Bronx
36007	23	Broome
36009	21	Cattaraugus
36011	15	Cayuga
36013	17	Chautauqua
36015	16	Chemung
36017	23	Chenango
36019	14	Clinton
36021	23	Columbia
36023	12	Cortland
36025	31	Delaware
36027	20	Dutchess
36029	20	Erie
36031	17	Essex
36033	14	Franklin
36035	13	Fulton
36037	19	Genesee
36039	24	Greene
36041	12	Hamilton
36043	19	Herkimer
36045	14	Jefferson
36047	18	Kings
36049	19	Lewis
36051	17	Livingston
36053	19	Madison
36055	18	Monroe
36057	20	Montgomery
36059	24	Nassau
36061	18	New York
36063	21	Niagara
36065	22	Oneida
36067	16	Onondaga
36069	15	Ontario
36071	29	Orange
36073	19	Orleans
36075	15	Oswego
36077	20	Otsego
36079	22	Putnam
36081	19	Queens
36083	25	Rensselaer
36085	19	Richmond
36087	23	Rockland
36089	0	St. Lawrence
36091	15	Saratoga
36093	21	Schenectady
36095	25	Schoharie
36097	12	Schuyler
36099	9	Seneca
36101	19	Steuben
36103	25	Suffolk
36105	29	Sullivan
36107	21	Tioga
36109	17	Tompkins
36111	31	Ulster
36113	15	Warren
36115	14	Washington
36117	14	Wayne
36119	25	Westchester
36121	20	Wyoming
36123	16	Yates
37001	13	Alamance
37003	8	Alexander
37005	7	Alleghany
37007	10	Anson
37009	11	Ashe
37011	10	Avery
37013	17	Beaufort
37015	15	Bertie
37017	14	Bladen
37019	18	Brunswick
37021	9	Buncombe
37023	12	Burke
37025	8	Cabarrus
37027	12	Caldwell
37029	11	Camden
37031	15	Carteret
37033	12	Caswell
37035	11	Catawba
37037	8	Chatham
37039	6	Cherokee
37041	13	Chowan
37043	4	Clay
37045	10	Cleveland
37047	15	Columbus
37049	18	Craven
37051	11	Cumberland
37053	12	Currituck
37055	16	Dare
37057	15	Davidson
37059	9	Davie
37061	12	Duplin
37063	13	Durham
37065	15	Edgecombe
37067	13	Forsyth
37069	12	Franklin
37071	10	Gaston
37073	11	Gates
37075	6	Graham
37077	13	Granville
37079	14	Greene
37081	15	Guilford
37083	15	Halifax
37085	11	Harnett
37087	11	Haywood
37089	8	Henderson
37091	15	Hertford
37093	7	Hoke
37095	17	Hyde
37097	11	Iredell
37099	8	Jackson
37101	15	Johnston
37103	13	Jones
37105	10	Lee
37107	15	Lenoir
37109	11	Lincoln
37111	10	McDowell
37113	7	Macon
37115	10	Madison
37117	12	Martin
37119	8	Mecklenburg
37121	9	Mitchell
37123	11	Montgomery
37125	10	Moore
37127	16	Nash
37129	17	New Hanover
37131	14	Northampton
37133	15	Onslow
37135	12	Orange
37137	16	Pamlico
37139	11	Pasquotank
37141	16	Pender
37143	11	Perquimans
37145	13	Person
37147	16	Pitt
37149	10	Polk
37151	10	Randolph
37153	8	Richmond
37155	10	Robeson
37157	13	Rockingham
37159	9	Rowan
37161	11	Rutherford
37163	11	Sampson
37165	7	Scotland
37167	9	Stanly
37169	11	Stokes
37171	8	Surry
37173	5	Swain
37175	7	Transylvania
37177	12	Tyrrell
37179	10	Union
37181	12	Vance
37183	15	Wake
37185	13	Warren
37187	12	Washington
37189	12	Watauga
37191	14	Wayne
37193	10	Wilkes
37195	15	Wilson
37197	7	Yadkin
37199	10	Yancey
38001	10	Adams
38003	25	Barnes
38005	24	Benson
38007	9	Billings
38009	20	Bottineau
38011	10	Bowman
38013	16	Burke
38015	19	Burleigh
38017	27	Cass
38019	20	Cavalier
38021	23	Dickey
38023	11	Divide
38025	13	Dunn
38027	18	Eddy
38029	20	Emmons
38031	16	Foster
38033	9	Golden Valley
38035	28	Grand Forks
38037	19	Grant
38039	17	Griggs
38041	13	Hettinger
38043	16	Kidder
38045	24	La Moure
38047	19	Logan
38049	24	McHenry
38051	16	McIntosh
38053	14	McKenzie
38055	19	McLean
38057	20	Mercer
38059	21	Morton
38061	19	Mountrail
38063	23	Nelson
38065	17	Oliver
38067	28	Pembina
38069	18	Pierce
38071	24	Ramsey
38073	27	Ransom
38075	19	Renville
38077	28	Richland
38079	20	Rolette
38081	23	Sargent
38083	16	Sheridan
38085	17	Sioux
38087	7	Slope
38089	13	Stark
38091	22	Steele
38093	23	Stutsman
38095	21	Towner
38097	26	Traill
38099	30	Walsh
38101	23	Ward
38103	18	Wells
38105	14	Williams
39001	15	Adams
39003	8	Allen
39005	10	Ashland
39007	12	Ashtabula
39009	15	Athens
39011	9	Auglaize
39013	18	Belmont
39015	15	Brown
39017	12	Butler
39019	9	Carroll
39021	9	Champaign
39023	9	Clark
39025	16	Clermont
39027	8	Clinton
39029	14	Columbiana
39031	13	Coshocton
39033	12	Crawford
39035	16	Cuyahoga
39037	9	Darke
39039	6	Defiance
39041	12	Delaware
39043	12	Erie
39045	11	Fairfield
39047	9	Fayette
39049	18	Franklin
39051	7	Fulton
39053	13	Gallia
39055	11	Geauga
39057	13	Greene
39059	14	Guernsey
39061	15	Hamilton
39063	11	Hancock
39065	10	Hardin
39067	15	Harrison
39069	8	Henry
39071	10	Highland
39073	14	Hocking
39075	10	Holmes
39077	12	Huron
39079	12	Jackson
39081	18	Jefferson
39083	11	Knox
39085	13	Lake
39087	12	Lawrence
39089	17	Licking
39091	11	Logan
39093	17	Lorain
39095	14	Lucas
39097	10	Madison
39099	9	Mahoning
39101	10	Marion
39103	12	Medina
39105	14	Meigs
39107	10	Mercer
39109	11	Miami
39111	18	Monroe
39113	10	Montgomery
39115	13	Morgan
39117	14	Morrow
39119	12	Muskingum
39121	14	Noble
39123	11	Ottawa
39125	11	Paulding
39127	14	Perry
39129	12	Pickaway
39131	13	Pike
39133	10	Portage
39135	9	Preble
39137	11	Putnam
39139	15	Richland
39141	13	Ross
39143	11	Sandusky
39145	14	Scioto
39147	11	Seneca
39149	13	Shelby
39151	10	Stark
39153	12	Summit
39155	10	Trumbull
39157	11	Tuscarawas
39159	10	Union
39161	11	Van Wert
39163	12	Vinton
39165	11	Warren
39167	16	Washington
39169	8	Wayne
39171	6	Williams
39173	8	Wood
39175	10	Wyandot
40001	19	Adair
40003	19	Alfalfa
40005	20	Atoka
40007	15	Beaver
40009	16	Beckham
40011	22	Blaine
40013	18	Bryan
40015	32	Caddo
40017	29	Canadian
40019	26	Carter
40021	18	Cherokee
40023	15	Choctaw
40025	12	Cimarron
40027	32	Cleveland
40029	17	Coal
40031	27	Comanche
40033	27	Cotton
40035	19	Craig
40037	33	Creek
40039	20	Custer
40041	22	Delaware
40043	19	Dewey
40045	16	Ellis
40047	17	Garfield
40049	26	Garvin
40051	26	Grady
40053	22	Grant
40055	14	Greer
40057	13	Harmon
40059	11	Harper
40061	23	Haskell
40063	19	Hughes
40065	20	Jackson
40067	23	Jefferson
40069	14	Johnston
40071	24	Kay
40073	25	Kingfisher
40075	25	Kiowa
40077	23	Latimer
40079	22	Le Flore
40081	30	Lincoln
40083	33	Logan
40085	18	Love
40087	34	McClain
40089	14	McCurtain
40091	23	McIntosh
40093	21	Major
40095	13	Marshall
40097	21	Mayes
40099	18	Murray
40101	21	Muskogee
40103	18	Noble
40105	21	Nowata
40107	28	Okfuskee
40109	38	Oklahoma
40111	28	Okmulgee
40113	31	Osage
40115	23	Ottawa
40117	23	Pawnee
40119	26	Payne
40121	21	Pittsburg
40123	17	Pontotoc
40125	30	Pottawatomie
40127	18	Pushmataha
40129	17	Roger Mills
40131	22	Rogers
40133	25	Seminole
40135	22	Sequoyah
40137	24	Stephens
40139	13	Texas
40141	25	Tillman
40143	31	Tulsa
40145	24	Wagoner
40147	24	Washington
40149	23	Washita
40151	14	Woods
40153	16	Woodward
41001	6	Baker
41003	9	Benton
41005	10	Clackamas
41007	15	Clatsop
41009	12	Columbia
41011	13	Coos
41013	7	Crook
41015	10	Curry
41017	9	Deschutes
41019	15	Douglas
41021	8	Gilliam
41023	6	Grant
41025	5	Harney
41027	10	Hood River
41029	10	Jackson
41031	9	Jefferson
41033	10	Josephine
41035	6	Klamath
41037	6	Lake
41039	12	Lane
41041	15	Lincoln
41043	10	Linn
41045	4	Malheur
41047	8	Marion
41049	6	Morrow
41051	6	Multnomah
41053	10	Polk
41055	6	Sherman
41057	17	Tillamook
41059	7	Umatilla
41061	5	Union
41063	7	Wallowa
41065	10	Wasco
41067	9	Washington
41069	8	Wheeler
41071	11	Yamhill
42001	17	Adams
42003	15	Allegheny
42005	15	Armstrong
42007	13	Beaver
42009	16	Bedford
42011	20	Berks
42013	15	Blair
42015	17	Bradford
42017	21	Bucks
42019	9	Butler
42021	15	Cambria
42023	7	Cameron
42025	16	Carbon
42027	11	Centre
42029	21	Chester
42031	12	Clarion
42033	13	Clearfield
42035	12	Clinton
42037	17	Columbia
42039	12	Crawford
42041	16	Cumberland
42043	17	Dauphin
42045	20	Delaware
42047	7	Elk
42049	9	Erie
42051	14	Fayette
42053	9	Forest
42055	16	Franklin
42057	12	Fulton
42059	13	Greene
42061	13	Huntingdon
42063	15	Indiana
42065	11	Jefferson
42067	16	Juniata
42069	19	Lackawanna
42071	18	Lancaster
42073	9	Lawrence
42075	16	Lebanon
42077	14	Lehigh
42079	20	Luzerne
42081	16	Lycoming
42083	11	McKean
42085	11	Mercer
42087	15	Mifflin
42089	18	Monroe
42091	23	Montgomery
42093	14	Montour
42095	18	Northampton
42097	17	Northumberland
42099	17	Perry
42101	19	Philadelphia
42103	15	Pike
42105	10	Potter
42107	19	Schuylkill
42109	15	Snyder
42111	17	Somerset
42113	19	Sullivan
42115	20	Susquehanna
42117	16	Tioga
42119	15	Union
42121	12	Venango
42123	8	Warren
42125	12	Washington
42127	21	Wayne
42129	17	Westmoreland
42131	22	Wyoming
42133	16	York
44001	14	Bristol
44003	15	Kent
44005	15	Newport
44007	16	Providence
44009	16	Washington
45001	4	Abbeville
45003	5	Aiken
45005	5	Allendale
45007	3	Anderson
45009	6	Bamberg
45011	6	Barnwell
45013	4	Beaufort
45015	7	Berkeley
45017	9	Calhoun
45019	8	Charleston
45021	8	Cherokee
45023	6	Chester
45025	7	Chesterfield
45027	7	Clarendon
45029	5	Colleton
45031	8	Darlington
45033	8	Dillon
45035	5	Dorchester
45037	5	Edgefield
45039	6	Fairfield
45041	8	Florence
45043	8	Georgetown
45045	5	Greenville
45047	3	Greenwood
45049	4	Hampton
45051	12	Horry
45053	4	Jasper
45055	10	Kershaw
45057	6	Lancaster
45059	6	Laurens
45061	8	Lee
45063	7	Lexington
45065	4	McCormick
45067	8	Marion
45069	7	Marlboro
45071	6	Newberry
45073	5	Oconee
45075	8	Orangeburg
45077	4	Pickens
45079	8	Richland
45081	4	Saluda
45083	7	Spartanburg
45085	9	Sumter
45087	6	Union
45089	9	Williamsburg
45091	6	York
46003	16	Aurora
46005	15	Beadle
46007	7	Bennett
46009	11	Bon Homme
46011	15	Brookings
46013	15	Brown
46015	14	Brule
46017	15	Buffalo
46019	13	Butte
46021	11	Campbell
46023	12	Charles Mix
46025	15	Clark
46027	13	Clay
46029	15	Codington
46031	11	Corson
46033	10	Custer
46035	10	Davison
46037	16	Day
46039	16	Deuel
46041	10	Dewey
46043	12	Douglas
46045	16	Edmunds
46047	7	Fall River
46049	12	Faulk
46051	15	Grant
46053	15	Gregory
46055	9	Haakon
46057	14	Hamlin
46059	16	Hand
46061	17	Hanson
46063	11	Harding
46065	11	Hughes
46067	17	Hutchinson
46069	11	Hyde
46071	12	Jackson
46073	16	Jerauld
46075	7	Jones
46077	17	Kingsbury
46079	14	Lake
46081	12	Lawrence
46083	9	Lincoln
46085	11	Lyman
46087	13	McCook
46089	12	McPherson
46091	15	Marshall
46093	15	Meade
46095	9	Mellette
46097	14	Miner
46099	9	Minnehaha
46101	15	Moody
46103	12	Pennington
46105	15	Perkins
46107	11	Potter
46109	17	Roberts
46111	16	Sanborn
46113	8	Shannon
46115	18	Spink
46117	9	Stanley
46119	12	Sully
46121	8	Todd
46123	13	Tripp
46125	17	Turner
46127	11	Union
46129	8	Walworth
46135	11	Yankton
46137	13	Ziebach
47001	14	Anderson
47003	10	Bedford
47005	13	Benton
47007	14	Bledsoe
47009	9	Blount
47011	12	Bradley
47013	15	Campbell
47015	13	Cannon
47017	13	Carroll
47019	10	Carter
47021	11	Cheatham
47023	11	Chester
47025	11	Claiborne
47027	13	Clay
47029	14	Cocke
47031	11	Coffee
47033	11	Crockett
47035	18	Cumberland
47037	13	Davidson
47039	14	Decatur
47041	12	DeKalb
47043	13	Dickson
47045	14	Dyer
47047	10	Fayette
47049	14	Fentress
47051	10	Franklin
47053	16	Gibson
47055	13	Giles
47057	11	Grainger
47059	8	Greene
47061	14	Grundy
47063	6	Hamblen
47065	14	Hamilton
47067	11	Hancock
47069	9	Hardeman
47071	16	Hardin
47073	8	Hawkins
47075	10	Haywood
47077	15	Henderson
47079	10	Henry
47081	12	Hickman
47083	15	Houston
47085	15	Humphreys
47087	24	Jackson
47089	11	Jefferson
47091	11	Johnson
47093	9	Knox
47095	12	Lake
47097	15	Lauderdale
47099	15	Lawrence
47101	13	Lewis
47103	11	Lincoln
47105	11	Loudon
47107	10	McMinn
47109	9	McNairy
47111	13	Macon
47113	13	Madison
47115	15	Marion
47117	10	Marshall
47119	11	Maury
47121	11	Meigs
47123	10	Monroe
47125	12	Montgomery
47127	7	Moore
47129	12	Morgan
47131	10	Obion
47133	12	Overton
47135	12	Perry
47137	13	Pickett
47139	15	Polk
47141	9	Putnam
47143	11	Rhea
47145	14	Roane
47147	6	Robertson
47149	11	Rutherford
47151	16	Scott
47153	13	Sequatchie
47155	12	Sevier
47157	15	Shelby
47159	11	Smith
47161	13	Stewart
47163	6	Sullivan
47165	13	Sumner
47167	11	Tipton
47169	8	Trousdale
47171	9	Unicoi
47173	10	Union
47175	12	Van Buren
47177	14	Warren
47179	7	Washington
47181	15	Wayne
47183	10	Weakley
47185	11	White
47187	10	Williamson
47189	8	Wilson
48001	22	Anderson
48003	11	Andrews
48005	15	Angelina
48007	23	Aransas
48009	15	Archer
48011	9	Armstrong
48013	14	Atascosa
48015	14	Austin
48017	10	Bailey
48019	11	Bandera
48021	20	Bastrop
48023	12	Baylor
48025	17	Bee
48027	18	Bell
48029	22	Bexar
48031	13	Blanco
48033	10	Borden
48035	14	Bosque
48037	19	Bowie
48039	23	Brazoria
48041	13	Brazos
48043	9	Brewster
48045	12	Briscoe
48047	18	Brooks
48049	16	Brown
48051	13	Burleson
48053	16	Burnet
48055	14	Caldwell
48057	19	Calhoun
48059	16	Callahan
48061	23	Cameron
48063	10	Camp
48065	10	Carson
48067	17	Cass
48069	9	Castro
48071	15	Chambers
48073	19	Cherokee
48075	9	Childress
48077	15	Clay
48079	10	Cochran
48081	11	Coke
48083	12	Coleman
48085	15	Collin
48087	8	Collingsworth
48089	12	Colorado
48091	18	Comal
48093	13	Comanche
48095	9	Concho
48097	16	Cooke
48099	15	Coryell
48101	14	Cottle
48103	8	Crane
48105	10	Crockett
48107	11	Crosby
48109	8	Culberson
48111	7	Dallam
48113	19	Dallas
48115	12	Dawson
48117	10	Deaf Smith
48119	11	Delta
48121	18	Denton
48123	0	De Witt
48125	10	Dickens
48127	11	Dimmit
48129	10	Donley
48131	14	Duval
48133	18	Eastland
48135	11	Ector
48137	11	Edwards
48139	16	Ellis
48141	12	El Paso
48143	11	Erath
48145	9	Falls
48147	13	Fannin
48149	15	Fayette
48151	10	Fisher
48153	11	Floyd
48155	12	Foard
48157	17	Fort Bend
48159	12	Franklin
48161	13	Freestone
48163	12	Frio
48165	9	Gaines
48167	21	Galveston
48169	12	Garza
48171	11	Gillespie
48173	9	Glasscock
48175	14	Goliad
48177	15	Gonzales
48179	10	Gray
48181	16	Grayson
48183	16	Gregg
48185	15	Grimes
48187	14	Guadalupe
48189	11	Hale
48191	11	Hall
48193	12	Hamilton
48195	9	Hansford
48197	10	Hardeman
48199	21	Hardin
48201	27	Harris
48203	18	Harrison
48205	8	Hartley
48207	11	Haskell
48209	18	Hays
48211	9	Hemphill
48213	16	Henderson
48215	20	Hidalgo
48217	17	Hill
48219	10	Hockley
48221	13	Hood
48223	12	Hopkins
48225	19	Houston
48227	16	Howard
48229	9	Hudspeth
48231	14	Hunt
48233	11	Hutchinson
48235	9	Irion
48237	13	Jack
48239	16	Jackson
48241	19	Jasper
48243	13	Jeff Davis
48245	22	Jefferson
48247	18	Jim Hogg
48249	22	Jim Wells
48251	14	Johnson
48253	14	Jones
48255	11	Karnes
48257	13	Kaufman
48259	15	Kendall
48261	14	Kenedy
48263	10	Kent
48265	13	Kerr
48267	12	Kimble
48269	12	King
48271	9	Kinney
48273	15	Kleberg
48275	11	Knox
48277	17	Lamar
48279	11	Lamb
48281	13	Lampasas
48283	12	La Salle
48285	13	Lavaca
48287	12	Lee
48289	19	Leon
48291	25	Liberty
48293	14	Limestone
48295	7	Lipscomb
48297	17	Live Oak
48299	11	Llano
48301	7	Loving
48303	14	Lubbock
48305	12	Lynn
48307	12	McCulloch
48309	18	McLennan
48311	11	McMullen
48313	15	Madison
48315	15	Marion
48317	11	Martin
48319	13	Mason
48321	21	Matagorda
48323	10	Maverick
48325	14	Medina
48327	11	Menard
48329	15	Midland
48331	13	Milam
48333	12	Mills
48335	10	Mitchell
48337	16	Montague
48339	26	Montgomery
48341	10	Moore
48343	11	Morris
48345	14	Motley
48347	20	Nacogdoches
48349	18	Navarro
48351	18	Newton
48353	14	Nolan
48355	24	Nueces
48357	10	Ochiltree
48359	9	Oldham
48361	20	Orange
48363	20	Palo Pinto
48365	17	Panola
48367	18	Parker
48369	10	Parmer
48371	11	Pecos
48373	19	Polk
48375	15	Potter
48377	10	Presidio
48379	11	Rains
48381	13	Randall
48383	9	Reagan
48385	11	Real
48387	16	Red River
48389	8	Reeves
48391	19	Refugio
48393	9	Roberts
48395	10	Robertson
48397	11	Rockwall
48399	9	Runnels
48401	19	Rusk
48403	16	Sabine
48405	16	San Augustine
48407	19	San Jacinto
48409	25	San Patricio
48411	15	San Saba
48413	8	Schleicher
48415	10	Scurry
48417	13	Shackelford
48419	18	Shelby
48421	8	Sherman
48423	24	Smith
48425	14	Somervell
48427	16	Starr
48429	18	Stephens
48431	9	Sterling
48433	11	Stonewall
48435	10	Sutton
48437	11	Swisher
48439	21	Tarrant
48441	17	Taylor
48443	10	Terrell
48445	10	Terry
48447	13	Throckmorton
48449	14	Titus
48451	15	Tom Green
48453	24	Travis
48455	18	Trinity
48457	21	Tyler
48459	17	Upshur
48461	9	Upton
48463	12	Uvalde
48465	10	Val Verde
48467	12	Van Zandt
48469	19	Victoria
48471	25	Walker
48473	18	Waller
48475	7	Ward
48477	10	Washington
48479	16	Webb
48481	16	Wharton
48483	9	Wheeler
48485	18	Wichita
48487	12	Wilbarger
48489	19	Willacy
48491	19	Williamson
48493	11	Wilson
48495	8	Winkler
48497	17	Wise
48499	11	Wood
48501	8	Yoakum
48503	16	Young
48505	10	Zapata
48507	13	Zavala
49001	5	Beaver
49003	6	Box Elder
49005	4	Cache
49007	3	Carbon
49009	5	Daggett
49011	5	Davis
49013	5	Duchesne
49015	4	Emery
49017	4	Garfield
49019	2	Grand
49021	3	Iron
49023	5	Juab
49025	6	Kane
49027	7	Millard
49029	5	Morgan
49031	4	Piute
49033	3	Rich
49035	7	Salt Lake
49037	2	San Juan
49039	6	Sanpete
49041	6	Sevier
49043	5	Summit
49045	6	Tooele
49047	6	Uintah
49049	6	Utah
49051	7	Wasatch
49053	9	Washington
49055	2	Wayne
49057	7	Weber
50001	17	Addison
50003	12	Bennington
50005	19	Caledonia
50007	15	Chittenden
50009	12	Essex
50011	17	Franklin
50013	8	Grand Isle
50015	20	Lamoille
50017	17	Orange
50019	15	Orleans
50021	11	Rutland
50023	18	Washington
50025	15	Windham
50027	16	Windsor
51001	16	Accomack
51003	18	Albemarle
51005	16	Alleghany
51007	14	Amelia
51009	19	Amherst
51011	17	Appomattox
51013	16	Arlington
51015	20	Augusta
51017	18	Bath
51019	34	Bedford
51021	11	Bland
51023	17	Botetourt
51025	13	Brunswick
51027	18	Buchanan
51029	16	Buckingham
51031	17	Campbell
51033	17	Caroline
51035	10	Carroll
51036	14	Charles City
51037	13	Charlotte
51041	18	Chesterfield
51043	15	Clarke
51045	18	Craig
51047	17	Culpeper
51049	15	Cumberland
51051	14	Dickenson
51053	16	Dinwiddie
51057	20	Essex
51059	26	Fairfax
51061	15	Fauquier
51063	13	Floyd
51065	17	Fluvanna
51067	22	Franklin
51069	14	Frederick
51071	15	Giles
51073	14	Gloucester
51075	15	Goochland
51077	12	Grayson
51079	19	Greene
51081	12	Greensville
51083	16	Halifax
51085	16	Hanover
51087	17	Henrico
51089	11	Henry
51091	17	Highland
51093	14	Isle of Wight
51095	13	James City
51097	18	King and Queen
51099	21	King George
51101	16	King William
51103	18	Lancaster
51105	14	Lee
51107	11	Loudoun
51109	18	Louisa
51111	15	Lunenburg
51113	17	Madison
51115	15	Mathews
51117	13	Mecklenburg
51119	18	Middlesex
51121	16	Montgomery
51125	21	Nelson
51127	15	New Kent
51131	17	Northampton
51133	18	Northumberland
51135	14	Nottoway
51137	17	Orange
51139	18	Page
51141	11	Patrick
51143	17	Pittsylvania
51145	16	Powhatan
51147	14	Prince Edward
51149	14	Prince George
51153	15	Prince William
51155	14	Pulaski
51157	18	Rappahannock
51159	33	Richmond
51161	30	Roanoke
51163	19	Rockbridge
51165	16	Rockingham
51167	13	Russell
51169	13	Scott
51171	19	Shenandoah
51173	14	Smyth
51175	8	Southampton
51177	13	Spotsylvania
51179	14	Stafford
51181	17	Surry
51183	14	Sussex
51185	17	Tazewell
51187	18	Warren
51191	13	Washington
51193	19	Westmoreland
51195	12	Wise
51197	11	Wythe
51199	15	York
51510	0	Alexandria
51515	0	Bedford
51520	0	Bristol
51530	0	Buena Vista
51540	0	Charlottesville
51550	0	Chesapeake
51570	0	Colonial Heights
51580	0	Covington
51590	0	Danville
51595	0	Emporia
51600	0	Fairfax
51610	0	Falls Church
51620	0	Franklin
51630	0	Fredericksburg
51640	0	Galax
51650	0	Hampton
51660	0	Harrisonburg
51670	0	Hopewell
51678	0	Lexington
51680	0	Lynchburg
51683	0	Manassas
51685	0	Manassas Park
51690	0	Martinsville
51700	0	Newport News
51710	0	Norfolk
51720	0	Norton
51730	0	Petersburg
51735	0	Poquoson
51740	0	Portsmouth
51750	11	Radford
51760	0	Richmond
51770	0	Roanoke
51775	0	Salem
51790	0	Staunton
51800	0	Suffolk
51810	0	Virginia Beach
51820	0	Waynesboro
51830	0	Williamsburg
51840	0	Winchester
53001	6	Adams
53003	9	Asotin
53005	15	Benton
53007	23	Chelan
53009	17	Clallam
53011	11	Clark
53013	11	Columbia
53015	16	Cowlitz
53017	9	Douglas
53019	10	Ferry
53021	6	Franklin
53023	10	Garfield
53025	5	Grant
53027	24	Grays Harbor
53029	11	Island
53031	17	Jefferson
53033	27	King
53035	14	Kitsap
53037	15	Kittitas
53039	17	Klickitat
53041	24	Lewis
53043	9	Lincoln
53045	20	Mason
53047	16	Okanogan
53049	18	Pacific
53051	12	Pend Oreille
53053	21	Pierce
53055	8	San Juan
53057	18	Skagit
53059	15	Skamania
53061	24	Snohomish
53063	13	Spokane
53065	12	Stevens
53067	23	Thurston
53069	21	Wahkiakum
53071	8	Walla Walla
53073	16	Whatcom
53075	12	Whitman
53077	21	Yakima
54001	16	Barbour
54003	15	Berkeley
54005	20	Boone
54007	17	Braxton
54009	11	Brooke
54011	21	Cabell
54013	18	Calhoun
54015	19	Clay
54017	16	Doddridge
54019	18	Fayette
54021	18	Gilmer
54023	16	Grant
54025	21	Greenbrier
54027	15	Hampshire
54029	12	Hancock
54031	18	Hardy
54033	17	Harrison
54035	16	Jackson
54037	15	Jefferson
54039	24	Kanawha
54041	18	Lewis
54043	25	Lincoln
54045	26	Logan
54047	21	McDowell
54049	17	Marion
54051	16	Marshall
54053	15	Mason
54055	21	Mercer
54057	15	Mineral
54059	29	Mingo
54061	15	Monongalia
54063	14	Monroe
54065	13	Morgan
54067	20	Nicholas
54069	14	Ohio
54071	18	Pendleton
54073	9	Pleasants
54075	19	Pocahontas
54077	17	Preston
54079	17	Putnam
54081	24	Raleigh
54083	16	Randolph
54085	14	Ritchie
54087	15	Roane
54089	17	Summers
54091	15	Taylor
54093	18	Tucker
54095	16	Tyler
54097	16	Upshur
54099	22	Wayne
54101	17	Webster
54103	18	Wetzel
54105	15	Wirt
54107	11	Wood
54109	25	Wyoming
55001	8	Adams
55003	9	Ashland
55005	7	Barron
55007	6	Bayfield
55009	6	Brown
55011	12	Buffalo
55013	6	Burnett
55015	9	Calumet
55017	8	Chippewa
55019	10	Clark
55021	9	Columbia
55023	16	Crawford
55025	16	Dane
55027	11	Dodge
55029	4	Door
55031	6	Douglas
55033	11	Dunn
55035	7	Eau Claire
55037	3	Florence
55039	9	Fond du Lac
55041	4	Forest
55043	16	Grant
55045	15	Green
55047	6	Green Lake
55049	12	Iowa
55051	7	Iron
55053	9	Jackson
55055	11	Jefferson
55057	11	Juneau
55059	12	Kenosha
55061	5	Kewaunee
55063	12	La Crosse
55065	11	Lafayette
55067	5	Langlade
55069	7	Lincoln
55071	6	Manitowoc
55073	9	Marathon
55075	4	Marinette
55077	6	Marquette
55078	4	Menominee
55079	17	Milwaukee
55081	9	Monroe
55083	3	Oconto
55085	6	Oneida
55087	7	Outagamie
55089	10	Ozaukee
55091	11	Pepin
55093	11	Pierce
55095	7	Polk
55097	9	Portage
55099	6	Price
55101	13	Racine
55103	13	Richland
55105	13	Rock
55107	9	Rusk
55109	0	St. Croix
55111	11	Sauk
55113	6	Sawyer
55115	5	Shawano
55117	9	Sheboygan
55119	6	Taylor
55121	12	Trempealeau
55123	15	Vernon
55125	4	Vilas
55127	11	Walworth
55129	7	Washburn
55131	10	Washington
55133	15	Waukesha
55135	7	Waupaca
55137	8	Waushara
55139	8	Winnebago
55141	10	Wood
56001	5	Albany
56003	2	Big Horn
56005	3	Campbell
56007	1	Carbon
56009	3	Converse
56011	5	Crook
56013	2	Fremont
56015	3	Goshen
56017	1	Hot Springs
56019	2	Johnson
56021	2	Laramie
56023	3	Lincoln
56025	3	Natrona
56027	2	Niobrara
56029	1	Park
56031	4	Platte
56033	4	Sheridan
56035	1	Sublette
56037	2	Sweetwater
56039	2	Teton
56041	2	Uinta
56043	2	Washakie
56045	5	Weston
72001	0	Adjuntas
72003	0	Aguada
72005	0	Aguadilla
72007	0	Aguas Buenas
72009	0	Aibonito
72011	0	Anasco
72013	0	Arecibo
72015	0	Arroyo
72017	0	Barceloneta
72019	0	Barranquitas
72021	0	Bayamo'n
72023	0	Cabo Rojo
72025	0	Caguas
72027	0	Camuy
72029	0	Canovanas
72031	0	Carolina
72033	0	Catano
72035	0	Cayey
72037	0	Ceiba
72039	0	#N/A
72041	0	Cidra
72043	0	Coamo
72045	0	Comerio
72047	0	Corozal
72049	0	Culebra
72051	0	Dorado
72053	0	Fajardo
72054	0	Florida
72055	0	Guanica
72057	0	Guayama
72059	0	Guayanilla
72061	0	Guaynabo
72063	0	Gurabo
72065	0	Hatillo
72067	0	Hormigueros
72069	0	Humacao
72071	0	Isabela
72073	0	Jayuya
72075	0	Juana Diaz
72077	0	Juncos
72079	0	Lajas
72081	0	Lares
72083	0	Las Marias
72085	0	Las Piedras
72087	0	Loiza
72089	0	Luquillo
72091	0	Manati
72093	0	Maricao
72095	0	#N/A
72097	0	Mayaguez
72099	0	Moca
72101	0	Morovis
72103	0	Naguabo
72105	0	Naranjito
72107	0	Orocovis
72109	0	Patillas
72111	0	Penuelas
72113	0	Ponce
72115	0	Quebradillas
72117	0	Rincon
72119	0	Rio Grande
72121	0	Sabana Grande
72123	0	Salinas
72125	0	San German
72127	0	San Juan
72129	0	San Lorenzo
72131	0	San Sebastian
72133	0	Santa Isabel
72135	0	Toa Alta
72137	0	Toa Baja
72139	0	Trujillo Alto
72141	0	Utuado
72143	0	Vega Alta
72145	0	Vega Baja
72147	0	Vieques
72149	0	Villalba
72151	0	Yabucoa
72153	0	Yauco
